URL de la Imagen,Nombre del Producto
logo-mobile-2022-11-02-2.png,banner-300-x-250
ELECTRONICOS-CAT-230x230.jpg,Kemik Seasonal Logo
COMPUTADORAS-Y-ACCESORIOS-CAT-230x230.jpg,https://cdn.kemik.gt/2024/12/ELECTRONICOS-CAT-230x230.jpg
CELULARES-CAT-1200x1200.jpg,https://cdn.kemik.gt/2024/11/COMPUTADORAS-Y-ACCESORIOS-CAT-230x230.jpg
CUIDADO-BELLEZA-CAT-1200x1200.jpg,https://cdn.kemik.gt/2024/06/CELULARES-CAT-1200x1200.jpg
HOGAR-CAT-1200x1200.jpg,https://cdn.kemik.gt/2024/06/CUIDADO-BELLEZA-CAT-1200x1200.jpg
HERRAMIENTAS-CAT-1200X1200.jpg,https://cdn.kemik.gt/2024/06/HOGAR-CAT-1200x1200.jpg
CARROS-MOTOS-CAT-1200x1200.jpg,https://cdn.kemik.gt/2024/06/HERRAMIENTAS-CAT-1200X1200.jpg
INTRUMENTOS-Y-AUDIO-PRO-2.jpg,https://cdn.kemik.gt/2024/06/CARROS-MOTOS-CAT-1200x1200.jpg
SALUD-CAT-1200x1200.jpg,https://cdn.kemik.gt/2023/01/INTRUMENTOS-Y-AUDIO-PRO-2.jpg
GAMING-CAT-230x230.jpg,https://cdn.kemik.gt/2024/06/SALUD-CAT-1200x1200.jpg
UTILES-ESCOLARES-OFICINA.jpg,https://cdn.kemik.gt/2024/12/GAMING-CAT-230x230.jpg
LIBROS-CAT-1200x1200.jpg,https://cdn.kemik.gt/2025/01/UTILES-ESCOLARES-OFICINA.jpg
MASCOTAS-CAT-1200x1200.jpg,https://cdn.kemik.gt/2024/06/LIBROS-CAT-1200x1200.jpg
BEBIDAS-ALIMENTOS-CAT-1200x1200.jpg,https://cdn.kemik.gt/2024/06/MASCOTAS-CAT-1200x1200.jpg
ROPA-ACCESORIOS-CAT-1200x1200.jpg,https://cdn.kemik.gt/2024/07/BEBIDAS-ALIMENTOS-CAT-1200x1200.jpg
ELECTRONICA-ROBOTICA-CAT-1200X1200.jpg,https://cdn.kemik.gt/2024/07/ROPA-ACCESORIOS-CAT-1200x1200.jpg
DEPORTES-CAT-1200x1200.jpg,https://cdn.kemik.gt/2024/06/ELECTRONICA-ROBOTICA-CAT-1200X1200.jpg
SEGURIDAD-CAT-1200x1200.jpg,https://cdn.kemik.gt/2024/07/DEPORTES-CAT-1200x1200.jpg
TELEVISION-CAT-1200x1200.jpg,https://cdn.kemik.gt/2024/07/SEGURIDAD-CAT-1200x1200.jpg
JUGUETES-CAT-1200x1200.jpg,https://cdn.kemik.gt/2024/07/TELEVISION-CAT-1200x1200.jpg
TARJETAS-REGALO-CAT-1200x1200.jpg,https://cdn.kemik.gt/2024/07/JUGUETES-CAT-1200x1200.jpg
PROMOCIONALES-PORTADA-CATEGORIA.jpg,https://cdn.kemik.gt/2024/07/TARJETAS-REGALO-CAT-1200x1200.jpg
EVENTOS-CONCIERTOS-Y-WEBINARS-CAT-230x230.jpg,https://cdn.kemik.gt/2024/07/PROMOCIONALES-PORTADA-CATEGORIA.jpg
guatemala-flag.svg,https://cdn.kemik.gt/2024/12/EVENTOS-CONCIERTOS-Y-WEBINARS-CAT-230x230.jpg
VITAMINAS-Y-SUPLEMENTOS-BANNER-WEB-ENE25.jpg,/img/guatemala-flag.svg
VAPES-GAMER-BANNER-WEB-ENE25.jpg,https://cdn.kemik.gt/2025/01/VITAMINAS-Y-SUPLEMENTOS-BANNER-WEB-ENE25.jpg
UTILESESCOLARES_ENE2025.jpg,https://cdn.kemik.gt/2025/01/VAPES-GAMER-BANNER-WEB-ENE25.jpg
SONIDO-PRO-BANNER-WEB-ENE25.jpg,https://cdn.kemik.gt/2025/01/UTILESESCOLARES_ENE2025.jpg
PERROS-BANNER-WEB-ENE25.jpg,https://cdn.kemik.gt/2025/01/SONIDO-PRO-BANNER-WEB-ENE25.jpg
SOFTWARE-BANNER-WEB-ENE25.jpg,https://cdn.kemik.gt/2025/01/PERROS-BANNER-WEB-ENE25.jpg
MOTOS-BANNER-WEB-ENE25.jpg,https://cdn.kemik.gt/2025/01/SOFTWARE-BANNER-WEB-ENE25.jpg
MOUSE-GAMER-BANNER-WEB-ENE25.-600x250.jpg,https://cdn.kemik.gt/2025/01/MOTOS-BANNER-WEB-ENE25.jpg
CUIDADO-PERSONA-Y-BELLEZA-BANNER-WEB-ENE25.-600x250.jpg,first-pinned-banner
UTILES-ESCOLARES-OFICINA.jpg,second-pinned-banner
GAMING-CAT-230x230.jpg,https://cdn.kemik.gt/2025/01/UTILES-ESCOLARES-OFICINA.jpg
CELULARES-CAT-1200x1200.jpg,https://cdn.kemik.gt/2024/12/GAMING-CAT-230x230.jpg
ELECTRONICOS-CAT-230x230.jpg,https://cdn.kemik.gt/2024/06/CELULARES-CAT-1200x1200.jpg
COMPUTADORAS-Y-ACCESORIOS-CAT-230x230.jpg,https://cdn.kemik.gt/2024/12/ELECTRONICOS-CAT-230x230.jpg
HOGAR-CAT-1200x1200.jpg,https://cdn.kemik.gt/2024/11/COMPUTADORAS-Y-ACCESORIOS-CAT-230x230.jpg
SMARTWATCH-CAT-1200x1200.jpg,https://cdn.kemik.gt/2024/06/HOGAR-CAT-1200x1200.jpg
MASCOTAS-CAT-1200x1200.jpg,https://cdn.kemik.gt/2024/06/SMARTWATCH-CAT-1200x1200.jpg
electro-1200x1200.jpg,https://cdn.kemik.gt/2024/06/MASCOTAS-CAT-1200x1200.jpg
INTRUMENTOS-Y-AUDIO-PRO-2.jpg,https://cdn.kemik.gt/2024/11/electro-1200x1200.jpg
CUIDADO-BELLEZA-CAT-1200x1200.jpg,https://cdn.kemik.gt/2023/01/INTRUMENTOS-Y-AUDIO-PRO-2.jpg
CARROS-MOTOS-CAT-1200x1200.jpg,https://cdn.kemik.gt/2024/06/CUIDADO-BELLEZA-CAT-1200x1200.jpg
BEBIDAS-ALIMENTOS-CAT-1200x1200.jpg,https://cdn.kemik.gt/2024/06/CARROS-MOTOS-CAT-1200x1200.jpg
HERRAMIENTAS-CAT-1200X1200.jpg,https://cdn.kemik.gt/2024/07/BEBIDAS-ALIMENTOS-CAT-1200x1200.jpg
LIBROS-CAT-1200x1200.jpg,https://cdn.kemik.gt/2024/06/HERRAMIENTAS-CAT-1200X1200.jpg
MEMORIA-USB-CAT-230x230.jpg.jpg,https://cdn.kemik.gt/2024/06/LIBROS-CAT-1200x1200.jpg
MINECOINS1720-MINECRAFT-1200x1200-01.-300x300.jpg,https://cdn.kemik.gt/2024/11/MEMORIA-USB-CAT-230x230.jpg.jpg
RAZERGOLD20USD-RAZER-1200x1200-1.-300x300.jpg,https://cdn.kemik.gt/2023/09/MINECOINS1720-MINECRAFT-1200x1200-01.-300x300.jpg
659245757509-PSN-1200x1200-01.-300x300.jpg,https://cdn.kemik.gt/2023/09/RAZERGOLD20USD-RAZER-1200x1200-1.-300x300.jpg
PUBG50USD-STEAM-1200x1200-01.-300x300.jpg,https://cdn.kemik.gt/2024/12/659245757509-PSN-1200x1200-01.-300x300.jpg
GIFT-ENE-2023-2.-300x300.jpg,https://cdn.kemik.gt/2023/09/PUBG50USD-STEAM-1200x1200-01.-300x300.jpg
FREEFIRE2USD-GARENA-1200x1200-01.-300x300.jpg,https://cdn.kemik.gt/2024/08/GIFT-ENE-2023-2.-300x300.jpg
AMAZON10USD-AMAZON-1200x1200-01.-300x300.jpg,https://cdn.kemik.gt/2023/09/FREEFIRE2USD-GARENA-1200x1200-01.-300x300.jpg
RIOTACCESS10USDUSA-RIOT-1200x1200-01.-300x300.jpg,https://cdn.kemik.gt/2023/09/AMAZON10USD-AMAZON-1200x1200-01.-300x300.jpg
MOBILEL1155D-MOBILELEGENDS-1200x1200-1.-300x300.jpg,https://cdn.kemik.gt/2023/09/RIOTACCESS10USDUSA-RIOT-1200x1200-01.-300x300.jpg
STEAM100USD-STEAM-1200x1200-01.-300x300.jpg,https://cdn.kemik.gt/2023/09/MOBILEL1155D-MOBILELEGENDS-1200x1200-1.-300x300.jpg
Nintendo-Membresia-3meses-NINTENDO-1200x1200-01.-300x300.jpg,https://cdn.kemik.gt/2023/09/STEAM100USD-STEAM-1200x1200-01.-300x300.jpg
ROBLOX10USD-ROBLOX-1200x1200-01.-300x300.jpg,https://cdn.kemik.gt/2023/09/Nintendo-Membresia-3meses-NINTENDO-1200x1200-01.-300x300.jpg
iTUNES15USD-APPLE-1200x1200-01.-300x300.jpg,https://cdn.kemik.gt/2023/09/ROBLOX10USD-ROBLOX-1200x1200-01.-300x300.jpg
NIntendo-eShop-10USD-NINTENDO-1200x1200-1.-300x300.jpg,https://cdn.kemik.gt/2023/09/iTUNES15USD-APPLE-1200x1200-01.-300x300.jpg
XBOXLIVE5USD-XBOX-1200x1200-01.-300x300.jpg,https://cdn.kemik.gt/2023/09/NIntendo-eShop-10USD-NINTENDO-1200x1200-1.-300x300.jpg
XIAOMI-RA75-300x300.jpg,https://cdn.kemik.gt/2023/09/XBOXLIVE5USD-XBOX-1200x1200-01.-300x300.jpg
STICKER-SMARTEC-1200x1200-01.-300x300.jpg,https://cdn.kemik.gt/2022/05/XIAOMI-RA75-300x300.jpg
E-6642-ETOUCH-1200x1200-1-1-300x300.jpg,https://cdn.kemik.gt/2023/05/STICKER-SMARTEC-1200x1200-01.-300x300.jpg
6941881812372-1200x1200-1.-300x300.jpg,https://cdn.kemik.gt/2021/05/E-6642-ETOUCH-1200x1200-1-1-300x300.jpg
RMA2109-Realme-1200x1200-1-300x300.jpg,https://cdn.kemik.gt/2024/08/6941881812372-1200x1200-1.-300x300.jpg
6934177799792-XIAOMI-1200X1200-1-1-300x300.jpg,https://cdn.kemik.gt/2022/10/RMA2109-Realme-1200x1200-1-300x300.jpg
REDMI-BUDS-5-ACTIVE-BLACK-1200X1200-1.-300x300.jpg,https://cdn.kemik.gt/2022/11/6934177799792-XIAOMI-1200X1200-1-1-300x300.jpg
SDSQXAO-128G-GNCZN-SANDISK-1200x1200-001.-300x300.jpg,https://cdn.kemik.gt/2024/11/REDMI-BUDS-5-ACTIVE-BLACK-1200X1200-1.-300x300.jpg
910-005790-1200x1200-2-1-300x300.jpg,https://cdn.kemik.gt/2023/05/SDSQXAO-128G-GNCZN-SANDISK-1200x1200-001.-300x300.jpg
45631-XIAOMI-1200x1200-01.-300x300.jpg,https://cdn.kemik.gt/2020/10/910-005790-1200x1200-2-1-300x300.jpg
DTXM128GB-KINGSTON-1200x1200-1-1-300x300.jpg,https://cdn.kemik.gt/2023/08/45631-XIAOMI-1200x1200-01.-300x300.jpg
E-6643-ETOUCH-1200x1200-1-1-300x300.jpg,https://cdn.kemik.gt/2022/07/DTXM128GB-KINGSTON-1200x1200-1-1-300x300.jpg
BHR8773GL-REDMI-BUDS-6-PLAY-WHITE-1200X1200-1.-300x300.jpg,https://cdn.kemik.gt/2021/05/E-6643-ETOUCH-1200x1200-1-1-300x300.jpg
REDMI-BUDS-5-ACTIVE-SILVER-1200X1200-1.-300x300.jpg,https://cdn.kemik.gt/2024/09/BHR8773GL-REDMI-BUDS-6-PLAY-WHITE-1200X1200-1.-300x300.jpg
4534C001AA-1000X1000-2-300x300.jpg,https://cdn.kemik.gt/2024/11/REDMI-BUDS-5-ACTIVE-SILVER-1200X1200-1.-300x300.jpg
Banner-VP-03.webp,https://cdn.kemik.gt/2021/09/4534C001AA-1000X1000-2-300x300.jpg
Banner-VP-04.webp,/img/Banner-VP-03.webp
Banner-VP-01.webp,/img/Banner-VP-04.webp
Banner-VP-02.webp,/img/Banner-VP-01.webp
Banner-VP-05.webp,/img/Banner-VP-02.webp
Banner-VP-06.webp,/img/Banner-VP-05.webp
greview1.png,/img/Banner-VP-06.webp
greview2.png,/img/greview1.png
greview3.png,/img/greview2.png
1024H-F-1200x1200-1.-300x300.jpg,/img/greview3.png
ALEG-710-2TCS-ADATA-1200x1200-1.-300x300.jpg,https://cdn.kemik.gt/2024/05/1024H-F-1200x1200-1.-300x300.jpg
900300300101-1200x1200-1..-300x300.jpg,https://cdn.kemik.gt/2025/01/ALEG-710-2TCS-ADATA-1200x1200-1.-300x300.jpg
112298-1200x1200-1.-300x300.jpg,https://cdn.kemik.gt/2024/05/900300300101-1200x1200-1..-300x300.jpg
073149146991-1200x1200-1.-300x300.jpg,https://cdn.kemik.gt/2024/11/112298-1200x1200-1.-300x300.jpg
PG6125-1200x1200-1.-300x300.jpg,https://cdn.kemik.gt/2024/09/073149146991-1200x1200-1.-300x300.jpg
22B0689FBE-1200x1200-1..-300x300.jpg,https://cdn.kemik.gt/2023/10/PG6125-1200x1200-1.-300x300.jpg
7406160000400-CLEANCAT-1200X1200-1-300x300.jpg,https://cdn.kemik.gt/2024/09/22B0689FBE-1200x1200-1..-300x300.jpg
6942138915815-Bestway-1200X1200-1-300x300.jpg,https://cdn.kemik.gt/2022/08/7406160000400-CLEANCAT-1200X1200-1-300x300.jpg
UH04-1200x1200-1.-300x300.jpg,https://cdn.kemik.gt/2022/07/6942138915815-Bestway-1200X1200-1-300x300.jpg
71tGmGtL3SL.-300x300.jpg,https://cdn.kemik.gt/2025/01/UH04-1200x1200-1.-300x300.jpg
SL00599-1200x1200-1..-300x300.jpg,https://cdn.kemik.gt/2024/08/71tGmGtL3SL.-300x300.jpg
9780789926487-1200x1200-1-300x300.jpg,https://cdn.kemik.gt/2024/10/SL00599-1200x1200-1..-300x300.jpg
9786073923163-1200x1200-1.-300x300.jpg,https://cdn.kemik.gt/2022/11/9780789926487-1200x1200-1-300x300.jpg
BU1916-1200x1200-1.-300x300.jpg,https://cdn.kemik.gt/2024/11/9786073923163-1200x1200-1.-300x300.jpg
SDCS2512GB-KINGSTON-1200x1200-01.-300x300.jpg,https://cdn.kemik.gt/2024/06/BU1916-1200x1200-1.-300x300.jpg
DTSE9G364GB-KINGSTON-1200x1200-01.-300x300.jpg,https://cdn.kemik.gt/2024/01/SDCS2512GB-KINGSTON-1200x1200-01.-300x300.jpg
SDCS2_128GB-KINGSTON-1200x1200-1.-300x300.jpg,https://cdn.kemik.gt/2024/02/DTSE9G364GB-KINGSTON-1200x1200-01.-300x300.jpg
DTXON128GB-KINGSTON-1200x1200-01.-300x300.jpg,https://cdn.kemik.gt/2023/04/SDCS2:128GB-KINGSTON-1200x1200-1.-300x300.jpg
DTXM-256GB-KINGSTON-1200X1200-1-1-300x300.jpg,https://cdn.kemik.gt/2023/03/DTXON128GB-KINGSTON-1200x1200-01.-300x300.jpg
SDCS2_256GB-KINGSTON-1200x1200-1.-300x300.jpg,https://cdn.kemik.gt/2022/09/DTXM-256GB-KINGSTON-1200X1200-1-1-300x300.jpg
SDCG3128GB-KINGSTON-1200x1200-5-1-300x300.jpg,https://cdn.kemik.gt/2023/04/SDCS2:256GB-KINGSTON-1200x1200-1.-300x300.jpg
DT70128GB-KINGSTON-1200x1200-1-1-300x300.jpg,https://cdn.kemik.gt/2022/07/SDCG3128GB-KINGSTON-1200x1200-5-1-300x300.jpg
SDCG3256GB-KINGSTON-1200x1200-4-1-300x300.jpg,https://cdn.kemik.gt/2020/11/DT70128GB-KINGSTON-1200x1200-1-1-300x300.jpg
DTXON64GB-KINGSTON-1200x1200-01.-300x300.jpg,https://cdn.kemik.gt/2022/07/SDCG3256GB-KINGSTON-1200x1200-4-1-300x300.jpg
KC-U2G64-5R-KINGSTON-EXODIA-1000X1000-1-300x300.jpg,https://cdn.kemik.gt/2023/03/DTXON64GB-KINGSTON-1200x1200-01.-300x300.jpg
KC-U2G64-7GR-KINGSTON-1200X1200-1.-300x300.jpg,https://cdn.kemik.gt/2021/11/KC-U2G64-5R-KINGSTON-EXODIA-1000X1000-1-300x300.jpg
KC-U2L64-7LB-KINGSTON-MEMORIA-USB-3.2-GEN1-1200X1200-1.-300x300.jpg,https://cdn.kemik.gt/2023/02/KC-U2G64-7GR-KINGSTON-1200X1200-1.-300x300.jpg
KC-U2L64-7LP-KINGSTON-MEMORIA-USB-3.2-GEN1-1200X1200-1.-300x300.jpg,https://cdn.kemik.gt/2023/06/KC-U2L64-7LB-KINGSTON-MEMORIA-USB-3.2-GEN1-1200X1200-1.-300x300.jpg
DTX_64GB-KINGSTON-1200x1200-1.-300x300.jpg,https://cdn.kemik.gt/2023/06/KC-U2L64-7LP-KINGSTON-MEMORIA-USB-3.2-GEN1-1200X1200-1.-300x300.jpg
14332256-VOSS-1200x1200-1.-300x300.jpg,https://cdn.kemik.gt/2023/04/DTX:64GB-KINGSTON-1200x1200-1.-300x300.jpg
14332256-VOSS-1200x1200-1.-300x300.jpg,https://cdn.kemik.gt/2025/01/14332256-VOSS-1200x1200-1.-300x300.jpg
8338313552615-STARK-1200X1200-1.-300x300.jpg,https://cdn.kemik.gt/2025/01/14332256-VOSS-1200x1200-1.-300x300.jpg
FF353-Rapid-Player-azul-LS2-1200X1200-1.-300x300.jpg,https://cdn.kemik.gt/2024/11/8338313552615-STARK-1200X1200-1.-300x300.jpg
HRO-3400SDV-FANTASTIC_NMAZL-Hro-1200x1200-1.-300x300.jpg,https://cdn.kemik.gt/2024/04/FF353-Rapid-Player-azul-LS2-1200X1200-1.-300x300.jpg
HRO-3400SDV-BLADE-HRO-1200x1200-1.-300x300.jpg,https://cdn.kemik.gt/2024/10/HRO-3400SDV-FANTASTIC_NMAZL-Hro-1200x1200-1.-300x300.jpg
14259167-VOSS-1200x1200-1.-300x300.jpg,https://cdn.kemik.gt/2024/10/HRO-3400SDV-BLADE-HRO-1200x1200-1.-300x300.jpg
8398313518511-STARK-1200x1200-1.-300x300.jpg,https://cdn.kemik.gt/2024/04/14259167-VOSS-1200x1200-1.-300x300.jpg
142356891-voss-1200X1200-1.-300x300.jpg,https://cdn.kemik.gt/2024/11/8398313518511-STARK-1200x1200-1.-300x300.jpg
8398313524440-STARK-1200x1200-1.-300x300.jpg,https://cdn.kemik.gt/2024/04/142356891-voss-1200X1200-1.-300x300.jpg
HRO-3400SDV-RAW_AZNAR-1200x1200-1.-300x300.jpg,https://cdn.kemik.gt/2024/11/8398313524440-STARK-1200x1200-1.-300x300.jpg
14332256-VOSS-1200x1200-1.-300x300.jpg,https://cdn.kemik.gt/2024/10/HRO-3400SDV-RAW_AZNAR-1200x1200-1.-300x300.jpg
8398313518511-STARK-1200x1200-1.-300x300.jpg,https://cdn.kemik.gt/2025/01/14332256-VOSS-1200x1200-1.-300x300.jpg
14259167-VOSS-1200x1200-1.-300x300.jpg,https://cdn.kemik.gt/2024/11/8398313518511-STARK-1200x1200-1.-300x300.jpg
HRO-3400SDV-DOOLED_-Hro-1200x1200-1.-300x300.jpg,https://cdn.kemik.gt/2024/04/14259167-VOSS-1200x1200-1.-300x300.jpg
PV3302JMK-PATRIOT-1200X1200-1-300x300.jpg,https://cdn.kemik.gt/2024/10/HRO-3400SDV-DOOLED_-Hro-1200x1200-1.-300x300.jpg
H6-FIFINE-1200x1200-01.-300x300.jpg,https://cdn.kemik.gt/2022/05/PV3302JMK-PATRIOT-1200X1200-1-300x300.jpg
AUDSMARTECM25-1200x1200-01.-300x300.jpg,https://cdn.kemik.gt/2024/05/H6-FIFINE-1200x1200-01.-300x300.jpg
PHS-210-PRIMUS-GAMING-1200X1200-1-1-300x300.jpg,https://cdn.kemik.gt/2024/09/AUDSMARTECM25-1200x1200-01.-300x300.jpg
H2233D-PINKHAVITAudífonosgamingconmicrofono3.5mmRosado1200x1200-1.-300x300.jpg,https://cdn.kemik.gt/2022/07/PHS-210-PRIMUS-GAMING-1200X1200-1-1-300x300.jpg
981-001049-LOGITECH-1200X1200-4-300x300.jpg,https://cdn.kemik.gt/2024/11/H2233D-PINKHAVITAudífonosgamingconmicrofono3.5mmRosado1200x1200-1.-300x300.jpg
981-001262-LOGITECH-1200x1200-01.-300x300.jpg,https://cdn.kemik.gt/2022/01/981-001049-LOGITECH-1200X1200-4-300x300.jpg
HG9068-MARVO-1200x1200-1-1-300x300.jpg,https://cdn.kemik.gt/2024/01/981-001262-LOGITECH-1200x1200-01.-300x300.jpg
939-002076-LOGITECH-1200x1200-1-1-300x300.jpg,https://cdn.kemik.gt/2022/08/HG9068-MARVO-1200x1200-1-1-300x300.jpg
348503-MAXELL-1200X1200-2-300x300.png,https://cdn.kemik.gt/2022/07/939-002076-LOGITECH-1200x1200-1-1-300x300.jpg
AUD-7450NE-1200x1200-1.-300x300.jpg,https://cdn.kemik.gt/2022/05/348503-MAXELL-1200X1200-2-300x300.png
HG8935-MARVO-1200x1200-1-1-300x300.jpg,https://cdn.kemik.gt/2023/03/AUD-7450NE-1200x1200-1.-300x300.jpg
H260W-RGB-REDRAGON-1200X1200-1-1-300x300.jpg,https://cdn.kemik.gt/2022/08/HG8935-MARVO-1200x1200-1-1-300x300.jpg
XTH-M541SM-XTECH-1200X1200-1.-300x300.jpg,https://cdn.kemik.gt/2022/08/H260W-RGB-REDRAGON-1200X1200-1-1-300x300.jpg
H8326BK-marvo-1200x1200-1.-300x300.jpg,https://cdn.kemik.gt/2023/02/XTH-M541SM-XTECH-1200X1200-1.-300x300.jpg
INSTRUMENTOSDEVIENTO_NOV24.jpg,https://cdn.kemik.gt/2024/12/H8326BK-marvo-1200x1200-1.-300x300.jpg
RECIPIENTES_ENE2025.jpg,https://cdn.kemik.gt/2024/11/INSTRUMENTOSDEVIENTO_NOV24.jpg
BARBERSHOP_NOV24.jpg,https://cdn.kemik.gt/2025/01/RECIPIENTES_ENE2025.jpg
COMPONENTESDECOMPUTADORA-NOV24.jpg,https://cdn.kemik.gt/2024/11/BARBERSHOP_NOV24.jpg
NOVELACUENTOTEATROYPOESIA_NOV24.jpg,https://cdn.kemik.gt/2024/11/COMPONENTESDECOMPUTADORA-NOV24.jpg
SILLASDEOFICINA_ENE2025.jpg,https://cdn.kemik.gt/2024/11/NOVELACUENTOTEATROYPOESIA_NOV24.jpg
ESCRITORIOS_ENE2025.jpg,https://cdn.kemik.gt/2025/01/SILLASDEOFICINA_ENE2025.jpg
DAHUA_ENE2025.jpg,https://cdn.kemik.gt/2025/01/ESCRITORIOS_ENE2025.jpg
EPSON_ENE2025.jpg,https://cdn.kemik.gt/2025/01/DAHUA_ENE2025.jpg
SEGURIDADINDUSTRIAL_NOV24.jpg,https://cdn.kemik.gt/2025/01/EPSON_ENE2025.jpg
CUIDADODELCABELLO-NOV24.jpg,https://cdn.kemik.gt/2024/11/SEGURIDADINDUSTRIAL_NOV24.jpg
IMPRESORASSCANERSYSUMINISTROS-NOV24.-600x250.jpg,https://cdn.kemik.gt/2024/11/CUIDADODELCABELLO-NOV24.jpg
INSTRUMENTOSDECUERDA_NOV24.-600x250.jpg,first-pinned-banner
kemishito-footer.svg,second-pinned-banner
logo-name.png,/svg/kemishito-footer.svg
store-googleplay.svg,https://cdn.kemik.gt/assets/logo-name.png
store-appstore.svg,/svg/store-googleplay.svg
stars.svg,/svg/store-appstore.svg
kemik-coin.svg,Kemik Points
